{
  "total_questions": 112,
  "direct": {
    "correct_rate": 0.17857142857142858,
    "uncertainty_rate": 0.15178571428571427,
    "hallucination_rate": 0.6696428571428571
  },
  "selfcrit": {
    "correct_rate": 0.20535714285714285,
    "uncertainty_rate": 0.3392857142857143,
    "hallucination_rate": 0.49107142857142855
  },
  "improvement": {
    "correct_delta": 0.026785714285714274,
    "hallucination_delta": 0.17857142857142855,
    "uncertainty_delta": 0.18750000000000003
  }
}