{
  "total_questions": 109,
  "direct": {
    "correct_rate": 0.5963302752293578,
    "uncertainty_rate": 0.009174311926605505,
    "hallucination_rate": 0.3944954128440367
  },
  "selfcrit": {
    "correct_rate": 0.6513761467889908,
    "uncertainty_rate": 0.1834862385321101,
    "hallucination_rate": 0.27522935779816515
  },
  "improvement": {
    "correct_delta": 0.05504587155963303,
    "hallucination_delta": 0.11926605504587157,
    "uncertainty_delta": 0.1743119266055046
  }
}