{
  "total_questions": 115,
  "direct": {
    "correct_rate": 0.034782608695652174,
    "uncertainty_rate": 0.8434782608695652,
    "hallucination_rate": 0.12173913043478261
  },
  "selfcrit": {
    "correct_rate": 0.02608695652173913,
    "uncertainty_rate": 0.6782608695652174,
    "hallucination_rate": 0.30434782608695654
  },
  "improvement": {
    "correct_delta": -0.008695652173913045,
    "hallucination_delta": -0.1826086956521739,
    "uncertainty_delta": -0.16521739130434787
  }
}