{
  "total_questions": 109,
  "direct": {
    "correct_rate": 0.6146788990825688,
    "uncertainty_rate": 0.009174311926605505,
    "hallucination_rate": 0.3853211009174312
  },
  "selfcrit": {
    "correct_rate": 0.6605504587155964,
    "uncertainty_rate": 0.06422018348623854,
    "hallucination_rate": 0.30275229357798167
  },
  "improvement": {
    "correct_delta": 0.04587155963302758,
    "hallucination_delta": 0.08256880733944955,
    "uncertainty_delta": 0.05504587155963303
  }
}